"date";"tipo";"media_ret"
2018-09-10;"Portfólio - Markowitz";0
2018-09-11;"Portfólio - Markowitz";-0,015435756342933
2018-09-12;"Portfólio - Markowitz";-0,018017008506778
2018-09-13;"Portfólio - Markowitz";-0,025802746249903
2018-09-14;"Portfólio - Markowitz";-0,0242684860447705
2018-09-17;"Portfólio - Markowitz";-0,0213034063534998
2018-09-18;"Portfólio - Markowitz";-0,0287046063702757
2018-09-19;"Portfólio - Markowitz";-0,0358166718931987
2018-09-20;"Portfólio - Markowitz";-0,0419934384860535
2018-09-21;"Portfólio - Markowitz";-0,042143645059399
2018-09-24;"Portfólio - Markowitz";-0,0516706908495553
2018-09-25;"Portfólio - Markowitz";-0,047318577636161
2018-09-26;"Portfólio - Markowitz";-0,0500248788980301
2018-09-27;"Portfólio - Markowitz";-0,0467390707933131
2018-09-28;"Portfólio - Markowitz";-0,045199405607425
2018-10-01;"Portfólio - Markowitz";-0,049909546488147
2018-10-02;"Portfólio - Markowitz";-0,0442666204560355
2018-10-03;"Portfólio - Markowitz";-0,0462014212986491
2018-10-04;"Portfólio - Markowitz";-0,0534364594165484
2018-10-05;"Portfólio - Markowitz";-0,0528136669369624
2018-10-08;"Portfólio - Markowitz";-0,0367178846156306
2018-10-09;"Portfólio - Markowitz";-0,0460444769006829
2018-10-10;"Portfólio - Markowitz";-0,0518780080262721
2018-10-11;"Portfólio - Markowitz";-0,0652108305450962
2018-10-15;"Portfólio - Markowitz";-0,066299170985373
2018-10-16;"Portfólio - Markowitz";-0,054116075739211
2018-10-17;"Portfólio - Markowitz";-0,0526126442000668
2018-10-18;"Portfólio - Markowitz";-0,0446685299202825
2018-10-19;"Portfólio - Markowitz";-0,0356166557378703
2018-10-22;"Portfólio - Markowitz";-0,042338563090929
2018-10-23;"Portfólio - Markowitz";-0,040234357588542
2018-10-24;"Portfólio - Markowitz";-0,0405222906035939
2018-10-25;"Portfólio - Markowitz";-0,0354432699978624
2018-10-26;"Portfólio - Markowitz";-0,0333135693374895
2018-10-29;"Portfólio - Markowitz";-0,0535557462677482
2018-10-30;"Portfólio - Markowitz";-0,0575410052933931
2018-10-31;"Portfólio - Markowitz";-0,0383257305954411
2018-11-01;"Portfólio - Markowitz";-0,0425286663574848
2018-11-05;"Portfólio - Markowitz";-0,0266977505374404
2018-11-06;"Portfólio - Markowitz";-0,0343060222385477
2018-11-07;"Portfólio - Markowitz";-0,0436921050875674
2018-11-08;"Portfólio - Markowitz";-0,0549342507597687
2018-11-09;"Portfólio - Markowitz";-0,0595204107575326
2018-11-12;"Portfólio - Markowitz";-0,0540193463301072
2018-11-13;"Portfólio - Markowitz";-0,044098047176534
2018-11-14;"Portfólio - Markowitz";-0,0317044074621732
2018-11-16;"Portfólio - Markowitz";-0,0242269193342937
2018-11-19;"Portfólio - Markowitz";-0,0408272287957581
2018-11-21;"Portfólio - Markowitz";-0,0475462588130627
2018-11-22;"Portfólio - Markowitz";-0,0393819298820434
2018-11-23;"Portfólio - Markowitz";-0,0483857394975375
2018-11-26;"Portfólio - Markowitz";-0,0516728326981919
2018-11-27;"Portfólio - Markowitz";-0,0427558464315747
2018-11-28;"Portfólio - Markowitz";-0,0365013093627391
2018-11-29;"Portfólio - Markowitz";-0,0344109146701016
2018-11-30;"Portfólio - Markowitz";-0,025250899268033
2018-12-03;"Portfólio - Markowitz";-0,02173862919752
2018-12-04;"Portfólio - Markowitz";-0,0373165306355592
2018-12-05;"Portfólio - Markowitz";-0,0352925966808759
2018-12-06;"Portfólio - Markowitz";-0,0384532834178377
2018-12-07;"Portfólio - Markowitz";-0,0459510250312078
2018-12-10;"Portfólio - Markowitz";-0,0553959540609251
2018-12-11;"Portfólio - Markowitz";-0,0546280804123188
2018-12-12;"Portfólio - Markowitz";-0,0503283537935537
2018-12-13;"Portfólio - Markowitz";-0,035696470441122
2018-12-14;"Portfólio - Markowitz";-0,0311501706268544
2018-12-17;"Portfólio - Markowitz";-0,0473106051033669
2018-12-18;"Portfólio - Markowitz";-0,0398617770355005
2018-12-19;"Portfólio - Markowitz";-0,0437308847332387
2018-12-20;"Portfólio - Markowitz";-0,0474496320662491
2018-12-21;"Portfólio - Markowitz";-0,0305846754803474
2018-12-26;"Portfólio - Markowitz";-0,0277459900010097
2018-12-27;"Portfólio - Markowitz";-0,0361040537330602
2018-12-28;"Portfólio - Markowitz";-0,0149482678723509
2019-01-02;"Portfólio - Markowitz";0,00120917788465991
2019-01-03;"Portfólio - Markowitz";-0,00408957987917014
2019-01-04;"Portfólio - Markowitz";0,00807513111530889
2019-01-07;"Portfólio - Markowitz";-0,00384740146838225
2019-01-08;"Portfólio - Markowitz";0,00434193662585236
2019-01-09;"Portfólio - Markowitz";0,0217018786687524
2019-01-10;"Portfólio - Markowitz";0,0214672172051975
2019-01-11;"Portfólio - Markowitz";0,0280906202339275
2019-01-14;"Portfólio - Markowitz";0,0383042914570024
2019-01-15;"Portfólio - Markowitz";0,0581432814909486
2019-01-16;"Portfólio - Markowitz";0,0681061240158116
2019-01-17;"Portfólio - Markowitz";0,0687864894380521
2019-01-18;"Portfólio - Markowitz";0,0730265818427467
2019-01-21;"Portfólio - Markowitz";0,0872292121768639
2019-01-22;"Portfólio - Markowitz";0,0725829114249217
2019-01-23;"Portfólio - Markowitz";0,0862209229519901
2019-01-24;"Portfólio - Markowitz";0,103008752594002
2019-01-28;"Portfólio - Markowitz";0,116909565044674
2019-01-29;"Portfólio - Markowitz";0,115257729263206
2019-01-30;"Portfólio - Markowitz";0,108490299283494
2019-01-31;"Portfólio - Markowitz";0,109255985556554
2019-02-01;"Portfólio - Markowitz";0,112021828917107
2019-02-04;"Portfólio - Markowitz";0,119932509788418
2019-02-05;"Portfólio - Markowitz";0,123872454827081
2019-02-06;"Portfólio - Markowitz";0,114990408224109
2019-02-07;"Portfólio - Markowitz";0,113705566382691
2019-02-08;"Portfólio - Markowitz";0,113035825658912
2019-02-11;"Portfólio - Markowitz";0,0968653164136954
2019-02-12;"Portfólio - Markowitz";0,0905431224143651
2019-02-13;"Portfólio - Markowitz";0,0928960990019405
2019-02-14;"Portfólio - Markowitz";0,0957739143732481
2019-02-15;"Portfólio - Markowitz";0,0995484834401752
2019-02-18;"Portfólio - Markowitz";0,0979735403186295
2019-02-19;"Portfólio - Markowitz";0,109047316070733
2019-02-20;"Portfólio - Markowitz";0,101062673703498
2019-02-21;"Portfólio - Markowitz";0,100735564862417
2019-02-22;"Portfólio - Markowitz";0,0964610966847197
2019-02-25;"Portfólio - Markowitz";0,102042001261139
2019-02-26;"Portfólio - Markowitz";0,1111405316398
2019-02-27;"Portfólio - Markowitz";0,102524765842585
2019-02-28;"Portfólio - Markowitz";0,0949261779730515
2019-03-01;"Portfólio - Markowitz";0,0929884348505992
2019-03-06;"Portfólio - Markowitz";0,0850820887395343
2019-03-07;"Portfólio - Markowitz";0,0888339366352235
2019-03-08;"Portfólio - Markowitz";0,0902798879288
2019-03-11;"Portfólio - Markowitz";0,0969757023313238
2019-03-12;"Portfólio - Markowitz";0,0941970779503076
2019-03-13;"Portfólio - Markowitz";0,0944806819728015
2019-03-14;"Portfólio - Markowitz";0,0928827732152984
2019-03-15;"Portfólio - Markowitz";0,102752340591071
2019-03-18;"Portfólio - Markowitz";0,110790183808958
2019-03-19;"Portfólio - Markowitz";0,0991521494995855
2019-03-20;"Portfólio - Markowitz";0,0862954834562926
2019-03-21;"Portfólio - Markowitz";0,0854108312208588
2019-03-22;"Portfólio - Markowitz";0,0719903539096083
2019-03-25;"Portfólio - Markowitz";0,0767962984314481
2019-03-26;"Portfólio - Markowitz";0,08095439623796
2019-03-27;"Portfólio - Markowitz";0,0720829437090948
2019-03-28;"Portfólio - Markowitz";0,0781648210762202
2019-03-29;"Portfólio - Markowitz";0,0906010588740491
2019-04-01;"Portfólio - Markowitz";0,0977464214156645
2019-04-02;"Portfólio - Markowitz";0,0977908620548054
2019-04-03;"Portfólio - Markowitz";0,0861754843291231
2019-04-04;"Portfólio - Markowitz";0,0863181246546838
2019-04-05;"Portfólio - Markowitz";0,0886762727733887
2019-04-08;"Portfólio - Markowitz";0,0875663775992781
2019-04-09;"Portfólio - Markowitz";0,0776097273477401
2019-04-10;"Portfólio - Markowitz";0,070882906270741
2019-04-11;"Portfólio - Markowitz";0,0604809642190711
2019-04-12;"Portfólio - Markowitz";0,0527208835977955
2019-04-15;"Portfólio - Markowitz";0,0577120255932464
2019-04-16;"Portfólio - Markowitz";0,0568235282805618
2019-04-17;"Portfólio - Markowitz";0,0537638834457921
2019-04-18;"Portfólio - Markowitz";0,0616931712381192
2019-04-22;"Portfólio - Markowitz";0,0621938334488084
2019-04-23;"Portfólio - Markowitz";0,0697539260475835
2019-04-24;"Portfólio - Markowitz";0,0705359308932887
2019-04-25;"Portfólio - Markowitz";0,0854938736036899
2019-04-26;"Portfólio - Markowitz";0,0755944301919285
2019-04-29;"Portfólio - Markowitz";0,0767529843297141
2019-04-30;"Portfólio - Markowitz";0,0748039860085741
2019-05-02;"Portfólio - Markowitz";0,0822836042582629
2019-05-03;"Portfólio - Markowitz";0,0790207798811975
2019-05-06;"Portfólio - Markowitz";0,0740335445952787
2019-05-07;"Portfólio - Markowitz";0,0749484982649549
2019-05-08;"Portfólio - Markowitz";0,0845372984164885
2019-05-09;"Portfólio - Markowitz";0,100015082607321
2019-05-10;"Portfólio - Markowitz";0,0775904547213564
2019-05-13;"Portfólio - Markowitz";0,0520109010956398
2019-05-14;"Portfólio - Markowitz";0,0470346902448913
2019-05-15;"Portfólio - Markowitz";0,0388367865886883
2019-05-16;"Portfólio - Markowitz";0,0216770993479856
2019-05-17;"Portfólio - Markowitz";0,0316812916736244
2019-05-20;"Portfólio - Markowitz";0,0425205149737242
2019-05-21;"Portfólio - Markowitz";0,049852523994808
2019-05-22;"Portfólio - Markowitz";0,0486807678691978
2019-05-23;"Portfólio - Markowitz";0,0376843270667626
2019-05-24;"Portfólio - Markowitz";0,0218967814033486
2019-05-27;"Portfólio - Markowitz";0,0309615842112372
2019-05-28;"Portfólio - Markowitz";0,0392728647110199
2019-05-29;"Portfólio - Markowitz";0,0334845362727665
2019-05-30;"Portfólio - Markowitz";0,0388695784714039
2019-05-31;"Portfólio - Markowitz";0,0374498302191448
2019-06-03;"Portfólio - Markowitz";0,0394091884993384
2019-06-04;"Portfólio - Markowitz";0,0370272416570188
2019-06-05;"Portfólio - Markowitz";0,0374429257258775
2019-06-06;"Portfólio - Markowitz";0,0435832779859144
2019-06-07;"Portfólio - Markowitz";0,054877589616255
2019-06-10;"Portfólio - Markowitz";0,0527006674457096
2019-06-11;"Portfólio - Markowitz";0,0533329633445621
2019-06-12;"Portfólio - Markowitz";0,0532031049712041
2019-06-13;"Portfólio - Markowitz";0,0687424251522535
2019-06-14;"Portfólio - Markowitz";0,0730775373695207
2019-06-17;"Portfólio - Markowitz";0,0785946603907652
2019-06-18;"Portfólio - Markowitz";0,0851248859494267
2019-06-19;"Portfólio - Markowitz";0,0904689683562903
2019-06-21;"Portfólio - Markowitz";0,0988161494388842
2019-06-24;"Portfólio - Markowitz";0,106693708927612
2019-06-25;"Portfólio - Markowitz";0,0954040136997321
2019-06-26;"Portfólio - Markowitz";0,10036351439852
2019-06-27;"Portfólio - Markowitz";0,104683732951394
2019-06-28;"Portfólio - Markowitz";0,109717327497735
2019-07-01;"Portfólio - Markowitz";0,103735740874087
2019-07-02;"Portfólio - Markowitz";0,1022577853088
2019-07-03;"Portfólio - Markowitz";0,110636355336561
2019-07-04;"Portfólio - Markowitz";0,122166567990085
2019-07-05;"Portfólio - Markowitz";0,132625588199244
2019-07-08;"Portfólio - Markowitz";0,145554891747803
2019-07-10;"Portfólio - Markowitz";0,149060594285615
2019-07-11;"Portfólio - Markowitz";0,151377268581451
2019-07-12;"Portfólio - Markowitz";0,14211792062533
2019-07-15;"Portfólio - Markowitz";0,141246117849726
2019-07-16;"Portfólio - Markowitz";0,137646366137399
2019-07-17;"Portfólio - Markowitz";0,142797006950716
2019-07-18;"Portfólio - Markowitz";0,150591699386169
2019-07-19;"Portfólio - Markowitz";0,136510391795401
2019-07-22;"Portfólio - Markowitz";0,139087425807281
2019-07-23;"Portfólio - Markowitz";0,138649956425388
2019-07-24;"Portfólio - Markowitz";0,133332080668935
2019-07-25;"Portfólio - Markowitz";0,127626500953867
2019-07-26;"Portfólio - Markowitz";0,130260805787333
2019-07-29;"Portfólio - Markowitz";0,133015887071703
2019-07-30;"Portfólio - Markowitz";0,14094673251868
2019-07-31;"Portfólio - Markowitz";0,140518682764546
2019-08-01;"Portfólio - Markowitz";0,149847232123417
2019-08-02;"Portfólio - Markowitz";0,146817715149239
2019-08-05;"Portfólio - Markowitz";0,132464998973431
2019-08-06;"Portfólio - Markowitz";0,147486076242171
2019-08-07;"Portfólio - Markowitz";0,149897206006971
2019-08-08;"Portfólio - Markowitz";0,162811689976292
2019-08-09;"Portfólio - Markowitz";0,157204672358516
2019-08-12;"Portfólio - Markowitz";0,15182438541856
2019-08-13;"Portfólio - Markowitz";0,168071870822585
2019-08-14;"Portfólio - Markowitz";0,145980977314081
2019-08-15;"Portfólio - Markowitz";0,127575698473579
2019-08-16;"Portfólio - Markowitz";0,135905717664351
2019-08-19;"Portfólio - Markowitz";0,136043945447326
2019-08-20;"Portfólio - Markowitz";0,125653688094651
2019-08-21;"Portfólio - Markowitz";0,137353245090889
2019-08-22;"Portfólio - Markowitz";0,132816052515768
2019-08-23;"Portfólio - Markowitz";0,111502517458866
2019-08-26;"Portfólio - Markowitz";0,100596713801585
2019-08-27;"Portfólio - Markowitz";0,111845067009305
2019-08-28;"Portfólio - Markowitz";0,121576133669191
2019-08-29;"Portfólio - Markowitz";0,142016595062708
2019-08-30;"Portfólio - Markowitz";0,156629909961531
2019-09-02;"Portfólio - Markowitz";0,160224907963868
2019-09-03;"Portfólio - Markowitz";0,148174838163978
2019-09-04;"Portfólio - Markowitz";0,15109215540915
2019-09-05;"Portfólio - Markowitz";0,156582862061069
2019-09-06;"Portfólio - Markowitz";0,158237603546864
2019-09-09;"Portfólio - Markowitz";0,161263254936036
2019-09-10;"Portfólio - Markowitz";0,161084330657864
2019-09-11;"Portfólio - Markowitz";0,186448158895425
2019-09-12;"Portfólio - Markowitz";0,19184321788014
2019-09-13;"Portfólio - Markowitz";0,189888104579114
2019-09-16;"Portfólio - Markowitz";0,190304586200095
2019-09-17;"Portfólio - Markowitz";0,201484018511149
2019-09-18;"Portfólio - Markowitz";0,198301366421535
2019-09-19;"Portfólio - Markowitz";0,190599557673577
2019-09-20;"Portfólio - Markowitz";0,196837382066457
2019-09-23;"Portfólio - Markowitz";0,206364381141351
2019-09-24;"Portfólio - Markowitz";0,200188491068775
2019-09-25;"Portfólio - Markowitz";0,204289802291087
2019-09-26;"Portfólio - Markowitz";0,206476594211508
2019-09-27;"Portfólio - Markowitz";0,203152111132038
2019-09-30;"Portfólio - Markowitz";0,201804756962817
2019-10-01;"Portfólio - Markowitz";0,184334229891738
2019-10-02;"Portfólio - Markowitz";0,16867876158319
2019-10-03;"Portfólio - Markowitz";0,165425902374398
2019-10-04;"Portfólio - Markowitz";0,172122165758523
2019-10-07;"Portfólio - Markowitz";0,153012463513055
2019-10-08;"Portfólio - Markowitz";0,144533747813959
2019-10-09;"Portfólio - Markowitz";0,154813497690623
2019-10-10;"Portfólio - Markowitz";0,165020766971589
2019-10-11;"Portfólio - Markowitz";0,192058075624581
2019-10-14;"Portfólio - Markowitz";0,192751934372545
2019-10-15;"Portfólio - Markowitz";0,181964793946557
2019-10-16;"Portfólio - Markowitz";0,19311590413142
2019-10-17;"Portfólio - Markowitz";0,191699182065308
2019-10-18;"Portfólio - Markowitz";0,197899128498739
2019-10-21;"Portfólio - Markowitz";0,210013997467824
2019-10-22;"Portfólio - Markowitz";0,212968433913188
2019-10-23;"Portfólio - Markowitz";0,207126361074537
2019-10-24;"Portfólio - Markowitz";0,203275868713082
2019-10-25;"Portfólio - Markowitz";0,198926907218192
2019-10-28;"Portfólio - Markowitz";0,201172480634146
2019-10-29;"Portfólio - Markowitz";0,209107837251305
2019-10-30;"Portfólio - Markowitz";0,212702036278458
2019-10-31;"Portfólio - Markowitz";0,209372216306309
2019-11-01;"Portfólio - Markowitz";0,238849893385602
2019-11-04;"Portfólio - Markowitz";0,262034887238544
2019-11-05;"Portfólio - Markowitz";0,262643577266297
2019-11-06;"Portfólio - Markowitz";0,283674108051689
2019-11-07;"Portfólio - Markowitz";0,293143728976701
2019-11-08;"Portfólio - Markowitz";0,279397680683411
2019-11-11;"Portfólio - Markowitz";0,289850850654277
2019-11-12;"Portfólio - Markowitz";0,281818770628296
2019-11-13;"Portfólio - Markowitz";0,270632341521843
2019-11-14;"Portfólio - Markowitz";0,274543083094011
2019-11-18;"Portfólio - Markowitz";0,279688826129629
2019-11-19;"Portfólio - Markowitz";0,282415654426029
2019-11-21;"Portfólio - Markowitz";0,283439144860652
2019-11-22;"Portfólio - Markowitz";0,286050914322178
2019-11-25;"Portfólio - Markowitz";0,28244210378604
2019-11-26;"Portfólio - Markowitz";0,274719644488352
2019-11-27;"Portfólio - Markowitz";0,286651450979793
2019-11-28;"Portfólio - Markowitz";0,288642692293702
2019-11-29;"Portfólio - Markowitz";0,286194719415938
2019-12-02;"Portfólio - Markowitz";0,285105094498143
2019-12-03;"Portfólio - Markowitz";0,286109679706744
2019-12-04;"Portfólio - Markowitz";0,283085829966087
2019-12-05;"Portfólio - Markowitz";0,295669655252571
2019-12-06;"Portfólio - Markowitz";0,305543763501846
2019-12-09;"Portfólio - Markowitz";0,304937394070464
2019-12-10;"Portfólio - Markowitz";0,308772375063176
2019-12-11;"Portfólio - Markowitz";0,326451338047631
2019-12-12;"Portfólio - Markowitz";0,341936988845054
2019-12-13;"Portfólio - Markowitz";0,360869115648206
2019-12-16;"Portfólio - Markowitz";0,372085837471202
2019-12-17;"Portfólio - Markowitz";0,376241447811275
2019-12-18;"Portfólio - Markowitz";0,37813893538966
2019-12-19;"Portfólio - Markowitz";0,385138243104112
2019-12-20;"Portfólio - Markowitz";0,386505348181124
2019-12-23;"Portfólio - Markowitz";0,399318926651274
2019-12-26;"Portfólio - Markowitz";0,423157405843878
2019-12-27;"Portfólio - Markowitz";0,430108977401682
2019-12-30;"Portfólio - Markowitz";0,429634237373675
2020-01-02;"Portfólio - Markowitz";0,444705528560127
2020-01-03;"Portfólio - Markowitz";0,434772845491931
2020-01-06;"Portfólio - Markowitz";0,435894542761552
2020-01-07;"Portfólio - Markowitz";0,448581512856012
2020-01-08;"Portfólio - Markowitz";0,46865447378016
2020-01-09;"Portfólio - Markowitz";0,470112627474603
2020-01-10;"Portfólio - Markowitz";0,480324205337243
2020-01-13;"Portfólio - Markowitz";0,501902636922278
2020-01-14;"Portfólio - Markowitz";0,517173973585434
2020-01-15;"Portfólio - Markowitz";0,527120493202321
2020-01-16;"Portfólio - Markowitz";0,529030268536303
2020-01-17;"Portfólio - Markowitz";0,53521058677816
2020-01-20;"Portfólio - Markowitz";0,533646757188031
2020-01-21;"Portfólio - Markowitz";0,533322325526402
2020-01-22;"Portfólio - Markowitz";0,568755810817128
2020-01-23;"Portfólio - Markowitz";0,568799845138618
2020-01-24;"Portfólio - Markowitz";0,560292582869532
2020-01-27;"Portfólio - Markowitz";0,512904768740619
2020-01-28;"Portfólio - Markowitz";0,522690315727976
2020-01-29;"Portfólio - Markowitz";0,517819218976246
2020-01-30;"Portfólio - Markowitz";0,491996858320742
2020-01-31;"Portfólio - Markowitz";0,464510148556755
2020-02-03;"Portfólio - Markowitz";0,485781470334823
2020-02-04;"Portfólio - Markowitz";0,491665768911483
2020-02-05;"Portfólio - Markowitz";0,491177641600037
2020-02-06;"Portfólio - Markowitz";0,482269639233068
2020-02-07;"Portfólio - Markowitz";0,456039999876198
2020-02-10;"Portfólio - Markowitz";0,437168353235011
2020-02-11;"Portfólio - Markowitz";0,471157630393179
2020-02-12;"Portfólio - Markowitz";0,487848668400983
2020-02-13;"Portfólio - Markowitz";0,496897214688692
2020-02-14;"Portfólio - Markowitz";0,479168213763371
2020-02-17;"Portfólio - Markowitz";0,487978427442165
2020-02-18;"Portfólio - Markowitz";0,480867857537419
2020-02-19;"Portfólio - Markowitz";0,51211105065365
2020-02-20;"Portfólio - Markowitz";0,518996849452369
2020-02-21;"Portfólio - Markowitz";0,537872163892264
2020-02-26;"Portfólio - Markowitz";0,457333678731334
2020-02-27;"Portfólio - Markowitz";0,423351749522584
2020-02-28;"Portfólio - Markowitz";0,414251570407647
2020-03-02;"Portfólio - Markowitz";0,467985697807892
2020-03-03;"Portfólio - Markowitz";0,466324364674277
2020-03-04;"Portfólio - Markowitz";0,526522536845815
2020-03-05;"Portfólio - Markowitz";0,470212045098974
2020-03-06;"Portfólio - Markowitz";0,427301952056651
2020-03-09;"Portfólio - Markowitz";0,305592733457912
2020-03-10;"Portfólio - Markowitz";0,351666059814299
2020-03-11;"Portfólio - Markowitz";0,282127085640806
2020-03-12;"Portfólio - Markowitz";0,11566819136616
2020-03-13;"Portfólio - Markowitz";0,16398585246668
2020-03-16;"Portfólio - Markowitz";0,02784503227455
2020-03-17;"Portfólio - Markowitz";0,0544670357305197
2020-03-18;"Portfólio - Markowitz";-0,0540633521503517
2020-03-19;"Portfólio - Markowitz";-0,0160455561425256
2020-03-20;"Portfólio - Markowitz";-0,00858608593690569
2020-03-23;"Portfólio - Markowitz";-0,017750445464228
2020-03-24;"Portfólio - Markowitz";0,00341589510094087
2020-03-25;"Portfólio - Markowitz";0,0389999361754836
2020-03-26;"Portfólio - Markowitz";0,0637570704976533
2020-03-27;"Portfólio - Markowitz";0,0768001621488343
2020-03-30;"Portfólio - Markowitz";0,0894820132350735
2020-03-31;"Portfólio - Markowitz";0,0888413823462908
2020-04-01;"Portfólio - Markowitz";0,0731365025202666
2020-04-02;"Portfólio - Markowitz";0,0968992651353335
2020-04-03;"Portfólio - Markowitz";0,0758919250331915
2020-04-06;"Portfólio - Markowitz";0,0987916451036839
2020-04-07;"Portfólio - Markowitz";0,0885034641464155
2020-04-08;"Portfólio - Markowitz";0,110428508071596
2020-04-09;"Portfólio - Markowitz";0,0828995034518762
2020-04-13;"Portfólio - Markowitz";0,0897477938909752
2020-04-14;"Portfólio - Markowitz";0,120930651747235
2020-04-15;"Portfólio - Markowitz";0,110348221133891
2020-04-16;"Portfólio - Markowitz";0,102781199029631
2020-04-17;"Portfólio - Markowitz";0,10085941021513
2020-04-20;"Portfólio - Markowitz";0,0980873051014963
2020-04-22;"Portfólio - Markowitz";0,120023353363837
2020-04-23;"Portfólio - Markowitz";0,120384482898801
2020-04-24;"Portfólio - Markowitz";0,0992805203375258
2020-04-27;"Portfólio - Markowitz";0,134237218661012
2020-04-28;"Portfólio - Markowitz";0,134752475972394
2020-04-29;"Portfólio - Markowitz";0,140599473196142
2020-04-30;"Portfólio - Markowitz";0,12334782658426
2020-05-04;"Portfólio - Markowitz";0,120994177892349
2020-05-05;"Portfólio - Markowitz";0,128616071227
2020-05-06;"Portfólio - Markowitz";0,120917686717028
2020-05-07;"Portfólio - Markowitz";0,131537968286712
2020-05-08;"Portfólio - Markowitz";0,158024975364927
2020-05-11;"Portfólio - Markowitz";0,15570898353423
2020-05-12;"Portfólio - Markowitz";0,153874269516552
2020-05-13;"Portfólio - Markowitz";0,163473112822769
2020-05-14;"Portfólio - Markowitz";0,152563543035449
2020-05-15;"Portfólio - Markowitz";0,126839678026404
2020-05-18;"Portfólio - Markowitz";0,115154881764037
2020-05-19;"Portfólio - Markowitz";0,116102012972852
2020-05-20;"Portfólio - Markowitz";0,104792277641067
2020-05-21;"Portfólio - Markowitz";0,103572997116799
2020-05-22;"Portfólio - Markowitz";0,10229081287061
2020-05-25;"Portfólio - Markowitz";0,119110691164846
2020-05-26;"Portfólio - Markowitz";0,125676507404934
2020-05-27;"Portfólio - Markowitz";0,148191092745917
2020-05-28;"Portfólio - Markowitz";0,147528303204671
2020-05-29;"Portfólio - Markowitz";0,143551469668733
2020-06-01;"Portfólio - Markowitz";0,162976948549694
2020-06-02;"Portfólio - Markowitz";0,17899098885211
2020-06-03;"Portfólio - Markowitz";0,192538209296455
2020-06-04;"Portfólio - Markowitz";0,197495582515461
2020-06-05;"Portfólio - Markowitz";0,196400454582973
2020-06-08;"Portfólio - Markowitz";0,215699837961662
2020-06-09;"Portfólio - Markowitz";0,215830836305617
2020-06-10;"Portfólio - Markowitz";0,204055011818995
2020-06-12;"Portfólio - Markowitz";0,17961534873646
2020-06-15;"Portfólio - Markowitz";0,182407678098867
2020-06-16;"Portfólio - Markowitz";0,184264683303138
2020-06-17;"Portfólio - Markowitz";0,208206215474042
2020-06-18;"Portfólio - Markowitz";0,212281111640931
2020-06-19;"Portfólio - Markowitz";0,216200338781492
2020-06-22;"Portfólio - Markowitz";0,21924926949053
2020-06-23;"Portfólio - Markowitz";0,219713707200329
2020-06-24;"Portfólio - Markowitz";0,222618021261888
2020-06-25;"Portfólio - Markowitz";0,226700556712751
2020-06-26;"Portfólio - Markowitz";0,212811027038725
2020-06-29;"Portfólio - Markowitz";0,229666725181334
2020-06-30;"Portfólio - Markowitz";0,228290925985178
2020-07-01;"Portfólio - Markowitz";0,249055737065592
2020-07-02;"Portfólio - Markowitz";0,24231104936046
2020-07-03;"Portfólio - Markowitz";0,260616095205396
2020-07-06;"Portfólio - Markowitz";0,257587067157571
2020-07-07;"Portfólio - Markowitz";0,251648288458544
2020-07-08;"Portfólio - Markowitz";0,262152185142869
2020-07-09;"Portfólio - Markowitz";0,259488055469929
2020-07-10;"Portfólio - Markowitz";0,269924349254289
2020-07-13;"Portfólio - Markowitz";0,290332993147892
2020-07-14;"Portfólio - Markowitz";0,284980919836739
2020-07-15;"Portfólio - Markowitz";0,301999129887003
2020-07-16;"Portfólio - Markowitz";0,295871785068619
2020-07-17;"Portfólio - Markowitz";0,306515285351422
2020-07-20;"Portfólio - Markowitz";0,321656473271724
2020-07-21;"Portfólio - Markowitz";0,317955060028964
2020-07-22;"Portfólio - Markowitz";0,320729303291493
2020-07-23;"Portfólio - Markowitz";0,298687442204366
2020-07-24;"Portfólio - Markowitz";0,299632169843738
2020-07-27;"Portfólio - Markowitz";0,305446403804215
2020-07-28;"Portfólio - Markowitz";0,300853056062953
2020-07-29;"Portfólio - Markowitz";0,305727679019097
2020-07-30;"Portfólio - Markowitz";0,324722972041485
2020-07-31;"Portfólio - Markowitz";0,307895589266568
2020-08-03;"Portfólio - Markowitz";0,306535874147885
2020-08-04;"Portfólio - Markowitz";0,286947746266849
2020-08-05;"Portfólio - Markowitz";0,322552120961563
2020-08-06;"Portfólio - Markowitz";0,337448323471139
2020-08-07;"Portfólio - Markowitz";0,321729923722515
2020-08-10;"Portfólio - Markowitz";0,333264883523678
2020-08-11;"Portfólio - Markowitz";0,32179054105109
2020-08-12;"Portfólio - Markowitz";0,313290093413425
2020-08-13;"Portfólio - Markowitz";0,321421465935215
2020-08-14;"Portfólio - Markowitz";0,346395106715059
2020-08-17;"Portfólio - Markowitz";0,328320420070215
2020-08-18;"Portfólio - Markowitz";0,35556675133482
2020-08-19;"Portfólio - Markowitz";0,333517746477048
2020-08-20;"Portfólio - Markowitz";0,361397092370278
2020-08-21;"Portfólio - Markowitz";0,359202365153668
2020-08-24;"Portfólio - Markowitz";0,363224859171102
2020-08-25;"Portfólio - Markowitz";0,356347509124474
2020-08-26;"Portfólio - Markowitz";0,351552817733631
2020-08-27;"Portfólio - Markowitz";0,344575567540121
2020-08-28;"Portfólio - Markowitz";0,352655389563248
2020-08-31;"Portfólio - Markowitz";0,340792253510554
2020-09-01;"Portfólio - Markowitz";0,363144328514546
2020-09-02;"Portfólio - Markowitz";0,341097228487313
2020-09-03;"Portfólio - Markowitz";0,321757520580299
2020-09-04;"Portfólio - Markowitz";0,318184542222024
2020-09-08;"Portfólio - Markowitz";0,314948680506533
2020-09-09;"Portfólio - Markowitz";0,321873230841136
2020-09-10;"Portfólio - Markowitz";0,300116024316142
2020-09-11;"Portfólio - Markowitz";0,282058837506264
2020-09-14;"Portfólio - Markowitz";0,296346541198988
2020-09-15;"Portfólio - Markowitz";0,319482000220604
2020-09-16;"Portfólio - Markowitz";0,310573005918478
2020-09-17;"Portfólio - Markowitz";0,316485292244796
2020-09-18;"Portfólio - Markowitz";0,314666593703395
2020-09-21;"Portfólio - Markowitz";0,291806294622175
2020-09-22;"Portfólio - Markowitz";0,285281128603611
2020-09-23;"Portfólio - Markowitz";0,269141903556334
2020-09-24;"Portfólio - Markowitz";0,270589151593262
2020-09-25;"Portfólio - Markowitz";0,281797003332895
2020-09-28;"Portfólio - Markowitz";0,259546050458027
2020-09-29;"Portfólio - Markowitz";0,251887009916649
2020-09-30;"Portfólio - Markowitz";0,252460519791164
2020-10-01;"Portfólio - Markowitz";0,275019550554069
2020-10-02;"Portfólio - Markowitz";0,260525942024784
2020-10-05;"Portfólio - Markowitz";0,276336215251072
2020-10-06;"Portfólio - Markowitz";0,279193615052933
2020-10-07;"Portfólio - Markowitz";0,284805145662468
2020-10-08;"Portfólio - Markowitz";0,297005380690638
2020-10-09;"Portfólio - Markowitz";0,294959943864758
2020-10-13;"Portfólio - Markowitz";0,295077511549606
2020-10-14;"Portfólio - Markowitz";0,300182601011266
2020-10-15;"Portfólio - Markowitz";0,30126600359929
2020-10-16;"Portfólio - Markowitz";0,322908158834057
2020-10-19;"Portfólio - Markowitz";0,315706031446176
2020-10-20;"Portfólio - Markowitz";0,335601440643243
2020-10-21;"Portfólio - Markowitz";0,326531629786228
2020-10-22;"Portfólio - Markowitz";0,333466123355804
2020-10-23;"Portfólio - Markowitz";0,33099470985932
2020-10-26;"Portfólio - Markowitz";0,322832889235344
2020-10-27;"Portfólio - Markowitz";0,31483514042896
2020-10-28;"Portfólio - Markowitz";0,272432040008704
2020-10-29;"Portfólio - Markowitz";0,289779269895428
2020-10-30;"Portfólio - Markowitz";0,270324538449716
2020-11-03;"Portfólio - Markowitz";0,29515461364274
2020-11-04;"Portfólio - Markowitz";0,310778533792964
2020-11-05;"Portfólio - Markowitz";0,330259724171691
2020-11-06;"Portfólio - Markowitz";0,326836300247648
2020-11-09;"Portfólio - Markowitz";0,313422372265521
2020-11-10;"Portfólio - Markowitz";0,308953812217688
2020-11-11;"Portfólio - Markowitz";0,308443501473788
2020-11-12;"Portfólio - Markowitz";0,301141039282991
2020-11-13;"Portfólio - Markowitz";0,346194683669693
2020-11-16;"Portfólio - Markowitz";0,365036110517313
2020-11-17;"Portfólio - Markowitz";0,349222086562781
2020-11-18;"Portfólio - Markowitz";0,342893469241442
2020-11-19;"Portfólio - Markowitz";0,336483045980387
2020-11-23;"Portfólio - Markowitz";0,337695831136772
2020-11-24;"Portfólio - Markowitz";0,33259043183004
2020-11-25;"Portfólio - Markowitz";0,3495744719311
2020-11-26;"Portfólio - Markowitz";0,37588312765969
2020-11-27;"Portfólio - Markowitz";0,399446286085071
2020-11-30;"Portfólio - Markowitz";0,396338544740665
2020-12-01;"Portfólio - Markowitz";0,410831826926795
2020-12-02;"Portfólio - Markowitz";0,396923660387627
2020-12-03;"Portfólio - Markowitz";0,391781956223673
2020-12-04;"Portfólio - Markowitz";0,390777944807195
2020-12-07;"Portfólio - Markowitz";0,387738076373696
2020-12-08;"Portfólio - Markowitz";0,388480674926701
2020-12-09;"Portfólio - Markowitz";0,379503707286132
2020-12-10;"Portfólio - Markowitz";0,369695989833765
2020-12-11;"Portfólio - Markowitz";0,383211031889448
2020-12-14;"Portfólio - Markowitz";0,386713578858775
2020-12-15;"Portfólio - Markowitz";0,402957546811293
2020-12-16;"Portfólio - Markowitz";0,415288298321329
2020-12-17;"Portfólio - Markowitz";0,424191611619859
2020-12-18;"Portfólio - Markowitz";0,434511682509762
2020-12-21;"Portfólio - Markowitz";0,407687185524529
2020-12-22;"Portfólio - Markowitz";0,435072809321894
2020-12-23;"Portfólio - Markowitz";0,425273291945657
2020-12-28;"Portfólio - Markowitz";0,439682284629917
2020-12-29;"Portfólio - Markowitz";0,449380878731624
2020-12-30;"Portfólio - Markowitz";0,473282787658883
2021-01-04;"Portfólio - Markowitz";0,474333683418022
2021-01-05;"Portfólio - Markowitz";0,472847858083828
2021-01-06;"Portfólio - Markowitz";0,455716504648906
2021-01-07;"Portfólio - Markowitz";0,485996679323218
2021-01-08;"Portfólio - Markowitz";0,517550986076657
2021-01-11;"Portfólio - Markowitz";0,499495773712456
2021-01-12;"Portfólio - Markowitz";0,512487694601786
2021-01-13;"Portfólio - Markowitz";0,504431730867829
2021-01-14;"Portfólio - Markowitz";0,523307304629022
2021-01-15;"Portfólio - Markowitz";0,531773850808033
2021-01-18;"Portfólio - Markowitz";0,53565132052298
2021-01-19;"Portfólio - Markowitz";0,543062614876581
2021-01-20;"Portfólio - Markowitz";0,54398011321029
2021-01-21;"Portfólio - Markowitz";0,523853597177064
2021-01-22;"Portfólio - Markowitz";0,504883705924341
2021-01-26;"Portfólio - Markowitz";0,518303932790634
2021-01-27;"Portfólio - Markowitz";0,490336199898935
2021-01-28;"Portfólio - Markowitz";0,509197275125968
2021-01-29;"Portfólio - Markowitz";0,494524909592342
2021-02-01;"Portfólio - Markowitz";0,515909545594576
2021-02-02;"Portfólio - Markowitz";0,523526064064317
2021-02-03;"Portfólio - Markowitz";0,544311313838493
2021-02-04;"Portfólio - Markowitz";0,540408809525616
2021-02-05;"Portfólio - Markowitz";0,55777661694202
2021-02-08;"Portfólio - Markowitz";0,550069743781408
2021-02-09;"Portfólio - Markowitz";0,553092974598041
2021-02-10;"Portfólio - Markowitz";0,544188867014926
2021-02-11;"Portfólio - Markowitz";0,568699083070756
2021-02-12;"Portfólio - Markowitz";0,563287967167809
2021-02-17;"Portfólio - Markowitz";0,567093283846528
2021-02-18;"Portfólio - Markowitz";0,570454515807602
2021-02-19;"Portfólio - Markowitz";0,574385808770516
2021-02-22;"Portfólio - Markowitz";0,559748597764068
2021-02-23;"Portfólio - Markowitz";0,565962364838673
2021-02-24;"Portfólio - Markowitz";0,563601899130335
2021-02-25;"Portfólio - Markowitz";0,533811877347148
2021-02-26;"Portfólio - Markowitz";0,516252838832055
2021-03-01;"Portfólio - Markowitz";0,521302418649058
2021-03-02;"Portfólio - Markowitz";0,517335018665603
2021-03-03;"Portfólio - Markowitz";0,511391694587081
2021-03-04;"Portfólio - Markowitz";0,517103565050491
2021-03-05;"Portfólio - Markowitz";0,545751748942453
2021-03-08;"Portfólio - Markowitz";0,500410635932882
2021-03-09;"Portfólio - Markowitz";0,526233724649661
2021-03-10;"Portfólio - Markowitz";0,511148858104174
2021-03-11;"Portfólio - Markowitz";0,520133040167241
2021-03-12;"Portfólio - Markowitz";0,52370479664995
2021-03-15;"Portfólio - Markowitz";0,546506841238107
2021-03-16;"Portfólio - Markowitz";0,572534265502706
2021-03-17;"Portfólio - Markowitz";0,603377866204058
2021-03-18;"Portfólio - Markowitz";0,58534224385487
2021-03-19;"Portfólio - Markowitz";0,597809612456763
2021-03-22;"Portfólio - Markowitz";0,594264530211072
2021-03-23;"Portfólio - Markowitz";0,58605189110663
2021-03-24;"Portfólio - Markowitz";0,584769763838797
2021-03-25;"Portfólio - Markowitz";0,603892508838253
2021-03-26;"Portfólio - Markowitz";0,596996905520766
2021-03-29;"Portfólio - Markowitz";0,609972408208915
2021-03-30;"Portfólio - Markowitz";0,606006723813524
2021-03-31;"Portfólio - Markowitz";0,60211223589349
2021-04-01;"Portfólio - Markowitz";0,608145646159558
2021-04-05;"Portfólio - Markowitz";0,611096743155484
2021-04-06;"Portfólio - Markowitz";0,62547650919207
2021-04-07;"Portfólio - Markowitz";0,632381437522106
2021-04-08;"Portfólio - Markowitz";0,641855729713718
2021-04-09;"Portfólio - Markowitz";0,649661652693531
2021-04-12;"Portfólio - Markowitz";0,660095195014623
2021-04-13;"Portfólio - Markowitz";0,66073827353548
2021-04-14;"Portfólio - Markowitz";0,661927519949499
2021-04-15;"Portfólio - Markowitz";0,676251240758962
2021-04-16;"Portfólio - Markowitz";0,675477330767519
2021-04-19;"Portfólio - Markowitz";0,684387823715752
2021-04-20;"Portfólio - Markowitz";0,689412999414901
2021-04-22;"Portfólio - Markowitz";0,671945218766161
2021-04-23;"Portfólio - Markowitz";0,679006615104663
2021-04-26;"Portfólio - Markowitz";0,673160235413365
2021-04-27;"Portfólio - Markowitz";0,68291695488467
2021-04-28;"Portfólio - Markowitz";0,669569380889677
2021-04-29;"Portfólio - Markowitz";0,680605968952213
2021-04-30;"Portfólio - Markowitz";0,68170352738184
2021-05-03;"Portfólio - Markowitz";0,670675227609859
2021-05-04;"Portfólio - Markowitz";0,664851666396129
2021-05-05;"Portfólio - Markowitz";0,683202972755854
2021-05-06;"Portfólio - Markowitz";0,679487832898071
2021-05-07;"Portfólio - Markowitz";0,696432496922685
2021-05-10;"Portfólio - Markowitz";0,697345329317432
2021-05-11;"Portfólio - Markowitz";0,697463578689332
2021-05-12;"Portfólio - Markowitz";0,672206842352615
2021-05-13;"Portfólio - Markowitz";0,674240575576789
2021-05-14;"Portfólio - Markowitz";0,691830695002167
2021-05-17;"Portfólio - Markowitz";0,722384403320457
2021-05-18;"Portfólio - Markowitz";0,730051218996128
2021-05-19;"Portfólio - Markowitz";0,724275313137837
2021-05-20;"Portfólio - Markowitz";0,704104303980836
2021-05-21;"Portfólio - Markowitz";0,7013882101082
2021-05-24;"Portfólio - Markowitz";0,712373444259399
2021-05-25;"Portfólio - Markowitz";0,709612623715989
2021-05-26;"Portfólio - Markowitz";0,698648681851109
2021-05-27;"Portfólio - Markowitz";0,71788211374449
2021-05-28;"Portfólio - Markowitz";0,729701704944113
2021-05-31;"Portfólio - Markowitz";0,746650878977325
2021-06-01;"Portfólio - Markowitz";0,748181253784487
2021-06-02;"Portfólio - Markowitz";0,770552905753045
2021-06-04;"Portfólio - Markowitz";0,777746495627702
2021-06-07;"Portfólio - Markowitz";0,761355374619917
2021-06-08;"Portfólio - Markowitz";0,735703822233019
2021-06-09;"Portfólio - Markowitz";0,762983904159524
2021-06-10;"Portfólio - Markowitz";0,771198855178766
2021-06-11;"Portfólio - Markowitz";0,769158238647765
2021-06-14;"Portfólio - Markowitz";0,783072625631714
2021-06-15;"Portfólio - Markowitz";0,780902719290299
2021-06-16;"Portfólio - Markowitz";0,768134420052637
2021-06-17;"Portfólio - Markowitz";0,723945166480932
2021-06-18;"Portfólio - Markowitz";0,73107790349412
2021-06-21;"Portfólio - Markowitz";0,75350226010129
2021-06-22;"Portfólio - Markowitz";0,749710305538017
2021-06-23;"Portfólio - Markowitz";0,748144805815433
2021-06-24;"Portfólio - Markowitz";0,77138912861857
2021-06-25;"Portfólio - Markowitz";0,74422741483018
2021-06-28;"Portfólio - Markowitz";0,751899246842187
2021-06-29;"Portfólio - Markowitz";0,764665055387654
2021-06-30;"Portfólio - Markowitz";0,76112371014399
2021-07-01;"Portfólio - Markowitz";0,755469045245963
2021-07-02;"Portfólio - Markowitz";0,762009887218662
2021-07-05;"Portfólio - Markowitz";0,763454827037395
2021-07-06;"Portfólio - Markowitz";0,742506183500482
2021-07-07;"Portfólio - Markowitz";0,765300561599634
2021-07-08;"Portfólio - Markowitz";0,760995117174423
2021-07-12;"Portfólio - Markowitz";0,766231264581614
2021-07-13;"Portfólio - Markowitz";0,763174064879393
2021-07-14;"Portfólio - Markowitz";0,766532854649438
2021-07-15;"Portfólio - Markowitz";0,750890568558519
2021-07-16;"Portfólio - Markowitz";0,747580142210373
2021-07-19;"Portfólio - Markowitz";0,727942749257944
2021-07-20;"Portfólio - Markowitz";0,740245395051809
2021-07-21;"Portfólio - Markowitz";0,74381168626043
2021-07-22;"Portfólio - Markowitz";0,756783939979007
2021-07-23;"Portfólio - Markowitz";0,74185556687135
2021-07-26;"Portfólio - Markowitz";0,734628049101687
2021-07-27;"Portfólio - Markowitz";0,71327534765948
2021-07-28;"Portfólio - Markowitz";0,723519601202459
2021-07-29;"Portfólio - Markowitz";0,723931160224385
2021-07-30;"Portfólio - Markowitz";0,691491369357221
2021-08-02;"Portfólio - Markowitz";0,706266897144442
2021-08-03;"Portfólio - Markowitz";0,712396442086385
2021-08-04;"Portfólio - Markowitz";0,705663009329525
2021-08-05;"Portfólio - Markowitz";0,695562868383433
2021-08-06;"Portfólio - Markowitz";0,699075994922594
2021-08-09;"Portfólio - Markowitz";0,723643836599484
2021-08-10;"Portfólio - Markowitz";0,715110033748383
2021-08-11;"Portfólio - Markowitz";0,713283722119587
2021-08-12;"Portfólio - Markowitz";0,70171052398072
2021-08-13;"Portfólio - Markowitz";0,704814865997024
2021-08-16;"Portfólio - Markowitz";0,678366012590453
2021-08-17;"Portfólio - Markowitz";0,667455993028004
2021-08-18;"Portfólio - Markowitz";0,655013829108937
2021-08-19;"Portfólio - Markowitz";0,675927569765777
2021-08-20;"Portfólio - Markowitz";0,698495311041736
2021-08-23;"Portfólio - Markowitz";0,692791400201124
2021-08-24;"Portfólio - Markowitz";0,725488269846203
2021-08-25;"Portfólio - Markowitz";0,750349831845052
2021-08-26;"Portfólio - Markowitz";0,729367462392559
2021-08-27;"Portfólio - Markowitz";0,744224088534591
2021-08-30;"Portfólio - Markowitz";0,735061626648834
2021-08-31;"Portfólio - Markowitz";0,719146131880705
2021-09-01;"Portfólio - Markowitz";0,72931544570862
2021-09-02;"Portfólio - Markowitz";0,713187495816854
2021-09-03;"Portfólio - Markowitz";0,717960524192732
2021-09-06;"Portfólio - Markowitz";0,722727559091714
2021-09-08;"Portfólio - Markowitz";0,692314850846165
2021-09-09;"Portfólio - Markowitz";0,706771555332943
2021-09-10;"Portfólio - Markowitz";0,702604615061727
2021-09-13;"Portfólio - Markowitz";0,710845234979802
2021-09-14;"Portfólio - Markowitz";0,714681026886148
2021-09-15;"Portfólio - Markowitz";0,698023112442208
2021-09-16;"Portfólio - Markowitz";0,66476671018377
2021-09-17;"Portfólio - Markowitz";0,645410432305139
2021-09-20;"Portfólio - Markowitz";0,596262783862111
2021-09-21;"Portfólio - Markowitz";0,607158897720313
2021-09-22;"Portfólio - Markowitz";0,628918737602517
2021-09-23;"Portfólio - Markowitz";0,645903102560893
2021-09-24;"Portfólio - Markowitz";0,652324791803409
2021-09-27;"Portfólio - Markowitz";0,646483261613524
2021-09-28;"Portfólio - Markowitz";0,61028612339844
2021-09-29;"Portfólio - Markowitz";0,615624872160438
2021-09-30;"Portfólio - Markowitz";0,610317972996521
2021-10-01;"Portfólio - Markowitz";0,612388967305449
2021-10-04;"Portfólio - Markowitz";0,580238819193176
2021-10-05;"Portfólio - Markowitz";0,563062899372271
2021-10-06;"Portfólio - Markowitz";0,548896018786862
2021-10-07;"Portfólio - Markowitz";0,551415957754281
2021-10-08;"Portfólio - Markowitz";0,571853246557649
2021-10-11;"Portfólio - Markowitz";0,570900993878775
2021-10-13;"Portfólio - Markowitz";0,598628398831712
2021-10-14;"Portfólio - Markowitz";0,587347202858763
2021-10-15;"Portfólio - Markowitz";0,60595958055936
2021-10-18;"Portfólio - Markowitz";0,60472545703257
2021-10-19;"Portfólio - Markowitz";0,568913281954945
2021-10-20;"Portfólio - Markowitz";0,573425855413169
2021-10-21;"Portfólio - Markowitz";0,546492633101267
2021-10-22;"Portfólio - Markowitz";0,556726455963648
2021-10-25;"Portfólio - Markowitz";0,57807500446833
2021-10-26;"Portfólio - Markowitz";0,555114343326772
2021-10-27;"Portfólio - Markowitz";0,541691108845556
2021-10-28;"Portfólio - Markowitz";0,519363430407181
2021-10-29;"Portfólio - Markowitz";0,503493619274446
2021-11-01;"Portfólio - Markowitz";0,519688098201052
2021-11-03;"Portfólio - Markowitz";0,528490869197064
2021-11-04;"Portfólio - Markowitz";0,508812458927799
2021-11-05;"Portfólio - Markowitz";0,525842174552323
2021-11-08;"Portfólio - Markowitz";0,528217046368327
2021-11-09;"Portfólio - Markowitz";0,544450667432938
2021-11-10;"Portfólio - Markowitz";0,546959055472056
2021-11-11;"Portfólio - Markowitz";0,568092765884649
2021-11-12;"Portfólio - Markowitz";0,570990742820507
2021-11-16;"Portfólio - Markowitz";0,56954706882156
2021-11-17;"Portfólio - Markowitz";0,555402956548566
2021-11-18;"Portfólio - Markowitz";0,545702902216384
2021-11-19;"Portfólio - Markowitz";0,561915139893893
2021-11-22;"Portfólio - Markowitz";0,549268686061696
2021-11-23;"Portfólio - Markowitz";0,564668762412617
2021-11-24;"Portfólio - Markowitz";0,568587246825251
2021-11-25;"Portfólio - Markowitz";0,586058898900492
2021-11-26;"Portfólio - Markowitz";0,562666529488266
2021-11-29;"Portfólio - Markowitz";0,56279430553486
2021-11-30;"Portfólio - Markowitz";0,548490504265224
2021-12-01;"Portfólio - Markowitz";0,554930852654414
2021-12-02;"Portfólio - Markowitz";0,573610354057367
2021-12-03;"Portfólio - Markowitz";0,580219540882669
2021-12-06;"Portfólio - Markowitz";0,600513975021868
2021-12-07;"Portfólio - Markowitz";0,61041424480388
2021-12-08;"Portfólio - Markowitz";0,62823037781024
2021-12-09;"Portfólio - Markowitz";0,607787825934894
2021-12-10;"Portfólio - Markowitz";0,62729734968204
2021-12-13;"Portfólio - Markowitz";0,613365709301421
2021-12-14;"Portfólio - Markowitz";0,607646446507495
2021-12-15;"Portfólio - Markowitz";0,619695306309848
2021-12-16;"Portfólio - Markowitz";0,624063924652065
2021-12-17;"Portfólio - Markowitz";0,646223434271187
2021-12-20;"Portfólio - Markowitz";0,627262530521954
2021-12-21;"Portfólio - Markowitz";0,623679454926749
2021-12-22;"Portfólio - Markowitz";0,619877429540597
2021-12-23;"Portfólio - Markowitz";0,625086668955064
2021-12-27;"Portfólio - Markowitz";0,635750853959978
2021-12-28;"Portfólio - Markowitz";0,636995954536832
2021-12-29;"Portfólio - Markowitz";0,637855378333219
2021-12-30;"Portfólio - Markowitz";0,656159371559377
2018-09-10;"Ibovespa";0
2018-09-11;"Ibovespa";-0,0235494988591327
2018-09-12;"Ibovespa";-0,0174475597520707
2018-09-13;"Ibovespa";-0,0231928831579564
2018-09-14;"Ibovespa";-0,0135363937309825
2018-09-17;"Ibovespa";0,00409130081614828
2018-09-18;"Ibovespa";0,0238367419629908
2018-09-19;"Ibovespa";0,021939329846993
2018-09-20;"Ibovespa";0,0212462014398103
2018-09-21;"Ibovespa";0,0384618281489228
2018-09-24;"Ibovespa";0,0191997179936287
2018-09-25;"Ibovespa";0,0276077370961756
2018-09-26;"Ibovespa";0,0279474723734132
2018-09-27;"Ibovespa";0,0453636993232653
2018-09-28;"Ibovespa";0,0367300280492315
2018-10-01;"Ibovespa";0,0273055026913249
2018-10-02;"Ibovespa";0,0656232928431151
2018-10-03;"Ibovespa";0,0870935316857826
2018-10-04;"Ibovespa";0,0829080208767343
2018-10-05;"Ibovespa";0,0746391564840803
2018-10-08;"Ibovespa";0,122659597480308
2018-10-09;"Ibovespa";0,12271176204122
2018-10-10;"Ibovespa";0,0908469804556244
2018-10-11;"Ibovespa";0,080920597300264
2018-10-15;"Ibovespa";0,0866281074153719
2018-10-16;"Ibovespa";0,116938794964839
2018-10-17;"Ibovespa";0,117538032036959
2018-10-18;"Ibovespa";0,0922753823696574
2018-10-19;"Ibovespa";0,0971236796147239
2018-10-22;"Ibovespa";0,114916626366255
2018-10-23;"Ibovespa";0,111041419997534
2018-10-24;"Ibovespa";0,0815287606550856
2018-10-25;"Ibovespa";0,094728715541651
2018-10-26;"Ibovespa";0,115823997139751
2018-10-29;"Ibovespa";0,0905071074407786
2018-10-30;"Ibovespa";0,129983145484151
2018-10-31;"Ibovespa";0,136958452267542
2018-11-01;"Ibovespa";0,149825449918795
2018-11-05;"Ibovespa";0,165056175379155
2018-11-06;"Ibovespa";0,152913187782592
2018-11-07;"Ibovespa";0,140428505545368
2018-11-08;"Ibovespa";0,112872763741825
2018-11-09;"Ibovespa";0,113145684350202
2018-11-12;"Ibovespa";0,111636916029939
2018-11-13;"Ibovespa";0,103666755852081
2018-11-14;"Ibovespa";0,117345948028019
2018-11-16;"Ibovespa";0,149903996299576
2018-11-19;"Ibovespa";0,141899689382214
2018-11-21;"Ibovespa";0,133659879653224
2018-11-22;"Ibovespa";0,136358669511991
2018-11-23;"Ibovespa";0,120043108207243
2018-11-26;"Ibovespa";0,111136287454196
2018-11-27;"Ibovespa";0,14117194340722
2018-11-28;"Ibovespa";0,158694883617278
2018-11-29;"Ibovespa";0,164638548636744
2018-11-30;"Ibovespa";0,161961127824939
2018-12-03;"Ibovespa";0,166056286269493
2018-12-04;"Ibovespa";0,150425340967871
2018-12-05;"Ibovespa";0,155812789370061
2018-12-06;"Ibovespa";0,153291761632802
2018-12-07;"Ibovespa";0,14376354837572
2018-12-10;"Ibovespa";0,114844237229393
2018-12-11;"Ibovespa";0,121377999393447
2018-12-12;"Ibovespa";0,128582388097588
2018-12-13;"Ibovespa";0,139699480948876
2018-12-14;"Ibovespa";0,134654022950447
2018-12-17;"Ibovespa";0,12094794057112
2018-12-18;"Ibovespa";0,12366916111474
2018-12-19;"Ibovespa";0,111459499359157
2018-12-20;"Ibovespa";0,106192925829017
2018-12-21;"Ibovespa";0,111731472222052
2018-12-26;"Ibovespa";0,104429796341285
2018-12-27;"Ibovespa";0,108624920309712
2018-12-28;"Ibovespa";0,139670263013605
2019-01-02;"Ibovespa";0,179489735170999
2019-01-03;"Ibovespa";0,186621891836142
2019-01-04;"Ibovespa";0,190206249012478
2019-01-07;"Ibovespa";0,188364587019657
2019-01-08;"Ibovespa";0,192672252473892
2019-01-09;"Ibovespa";0,212986943619676
2019-01-10;"Ibovespa";0,215485159519567
2019-01-11;"Ibovespa";0,213565944726502
2019-01-14;"Ibovespa";0,224093404392107
2019-01-15;"Ibovespa";0,218665388888394
2019-01-16;"Ibovespa";0,223024028879538
2019-01-17;"Ibovespa";0,235374005432925
2019-01-18;"Ibovespa";0,245001618909743
2019-01-21;"Ibovespa";0,24387396454785
2019-01-22;"Ibovespa";0,232067314490396
2019-01-23;"Ibovespa";0,250774222849592
2019-01-24;"Ibovespa";0,265185959560544
2019-01-28;"Ibovespa";0,235926726623517
2019-01-29;"Ibovespa";0,238449251341615
2019-01-30;"Ibovespa";0,255897829571968
2019-01-31;"Ibovespa";0,261040563607876
2019-02-01;"Ibovespa";0,267072747840212
2019-02-04;"Ibovespa";0,276463770318903
2019-02-05;"Ibovespa";0,272859329852253
2019-02-06;"Ibovespa";0,224365973439195
2019-02-07;"Ibovespa";0,221386695682499
2019-02-08;"Ibovespa";0,233449458978432
2019-02-11;"Ibovespa";0,221359014602149
2019-02-12;"Ibovespa";0,243853866269149
2019-02-13;"Ibovespa";0,239630161774225
2019-02-14;"Ibovespa";0,26742208231667
2019-02-15;"Ibovespa";0,261083046613434
2019-02-18;"Ibovespa";0,247876506743848
2019-02-19;"Ibovespa";0,262645361118758
2019-02-20;"Ibovespa";0,248159538373334
2019-02-21;"Ibovespa";0,253152776696809
2019-02-22;"Ibovespa";0,265425947604685
2019-02-25;"Ibovespa";0,257047072941017
2019-02-26;"Ibovespa";0,261730932411604
2019-02-27;"Ibovespa";0,257898675030177
2019-02-28;"Ibovespa";0,235425702583265
2019-03-01;"Ibovespa";0,22269379621612
2019-03-06;"Ibovespa";0,217681820199651
2019-03-07;"Ibovespa";0,219270463263858
2019-03-08;"Ibovespa";0,232446335135638
2019-03-11;"Ibovespa";0,266377204764911
2019-03-12;"Ibovespa";0,263803779011462
2019-03-13;"Ibovespa";0,277628336541576
2019-03-14;"Ibovespa";0,273760045330017
2019-03-15;"Ibovespa";0,280613844513486
2019-03-18;"Ibovespa";0,291636667083956
2019-03-19;"Ibovespa";0,286381631958565
2019-03-20;"Ibovespa";0,266242148055215
2019-03-21;"Ibovespa";0,249182695093864
2019-03-22;"Ibovespa";0,209906389922609
2019-03-25;"Ibovespa";0,208963758280354
2019-03-26;"Ibovespa";0,230012667042209
2019-03-27;"Ibovespa";0,185277614077068
2019-03-28;"Ibovespa";0,216913702335762
2019-03-29;"Ibovespa";0,230070070166013
2019-04-01;"Ibovespa";0,238280461331685
2019-04-02;"Ibovespa";0,229651835178205
2019-04-03;"Ibovespa";0,218046739040549
2019-04-04;"Ibovespa";0,241309863681792
2019-04-05;"Ibovespa";0,251513997657377
2019-04-08;"Ibovespa";0,254873215965953
2019-04-09;"Ibovespa";0,240915708912402
2019-04-10;"Ibovespa";0,236539305246813
2019-04-11;"Ibovespa";0,221003579697861
2019-04-12;"Ibovespa";0,196534533673703
2019-04-15;"Ibovespa";0,199211259459056
2019-04-16;"Ibovespa";0,215208146623914
2019-04-17;"Ibovespa";0,201632142367553
2019-04-18;"Ibovespa";0,218173290911923
2019-04-22;"Ibovespa";0,218302085017845
2019-04-23;"Ibovespa";0,235376793628721
2019-04-24;"Ibovespa";0,224017105434967
2019-04-25;"Ibovespa";0,243272436345762
2019-04-26;"Ibovespa";0,23919672165681
2019-04-29;"Ibovespa";0,238578488547912
2019-04-30;"Ibovespa";0,240701314342292
2019-05-02;"Ibovespa";0,230032359190837
2019-05-03;"Ibovespa";0,236197432789695
2019-05-06;"Ibovespa";0,223266934509027
2019-05-07;"Ibovespa";0,215258104336499
2019-05-08;"Ibovespa";0,230712417539556
2019-05-09;"Ibovespa";0,220512710017358
2019-05-10;"Ibovespa";0,213411656585298
2019-05-13;"Ibovespa";0,180383890793127
2019-05-14;"Ibovespa";0,185071552964936
2019-05-15;"Ibovespa";0,17902087919579
2019-05-16;"Ibovespa";0,158263001734157
2019-05-17;"Ibovespa";0,157864082149798
2019-05-20;"Ibovespa";0,182722912997159
2019-05-21;"Ibovespa";0,214939863555112
2019-05-22;"Ibovespa";0,213344356478105
2019-05-23;"Ibovespa";0,207531253541558
2019-05-24;"Ibovespa";0,203899732781479
2019-05-27;"Ibovespa";0,219688640509163
2019-05-28;"Ibovespa";0,239190605536136
2019-05-29;"Ibovespa";0,241425464821024
2019-05-30;"Ibovespa";0,252814534348689
2019-05-31;"Ibovespa";0,247313368042324
2019-06-03;"Ibovespa";0,247184812168152
2019-06-04;"Ibovespa";0,251804020456489
2019-06-05;"Ibovespa";0,23392440848564
2019-06-06;"Ibovespa";0,249329184418271
2019-06-07;"Ibovespa";0,257221356096582
2019-06-10;"Ibovespa";0,252663402228135
2019-06-11;"Ibovespa";0,27170622705707
2019-06-12;"Ibovespa";0,26346799711162
2019-06-13;"Ibovespa";0,269275876667396
2019-06-14;"Ibovespa";0,259808533767134
2019-06-17;"Ibovespa";0,254438678925268
2019-06-18;"Ibovespa";0,277117967969429
2019-06-19;"Ibovespa";0,288616180938069
2019-06-21;"Ibovespa";0,310399788205561
2019-06-24;"Ibovespa";0,311029062647369
2019-06-25;"Ibovespa";0,285489275248846
2019-06-26;"Ibovespa";0,293120973890553
2019-06-27;"Ibovespa";0,293570391103361
2019-06-28;"Ibovespa";0,296687414244037
2019-07-01;"Ibovespa";0,301468909234941
2019-07-02;"Ibovespa";0,291995202313057
2019-07-03;"Ibovespa";0,310331630857694
2019-07-04;"Ibovespa";0,330629279397903
2019-07-05;"Ibovespa";0,336432875682597
2019-07-08;"Ibovespa";0,342083058801641
2019-07-10;"Ibovespa";0,35850623052101
2019-07-11;"Ibovespa";0,349864328816559
2019-07-12;"Ibovespa";0,333850596363661
2019-07-15;"Ibovespa";0,332527720391156
2019-07-16;"Ibovespa";0,332168233582369
2019-07-17;"Ibovespa";0,333207631672193
2019-07-18;"Ibovespa";0,344214792630419
2019-07-19;"Ibovespa";0,327877560439343
2019-07-22;"Ibovespa";0,334241622433046
2019-07-23;"Ibovespa";0,331093203203094
2019-07-24;"Ibovespa";0,336422092187027
2019-07-25;"Ibovespa";0,317484685579002
2019-07-26;"Ibovespa";0,319587798715622
2019-07-29;"Ibovespa";0,328082232351612
2019-07-30;"Ibovespa";0,321004806605133
2019-07-31;"Ibovespa";0,306539386834585
2019-08-01;"Ibovespa";0,31056270462384
2019-08-02;"Ibovespa";0,317576279586445
2019-08-05;"Ibovespa";0,284097701641441
2019-08-06;"Ibovespa";0,310331379967887
2019-08-07;"Ibovespa";0,31823382497525
2019-08-08;"Ibovespa";0,335220344867959
2019-08-09;"Ibovespa";0,333693359380824
2019-08-12;"Ibovespa";0,306735009628022
2019-08-13;"Ibovespa";0,324360987130913
2019-08-14;"Ibovespa";0,284787978920635
2019-08-15;"Ibovespa";0,269304457479373
2019-08-16;"Ibovespa";0,278865949906139
2019-08-19;"Ibovespa";0,274540487746074
2019-08-20;"Ibovespa";0,271371630951938
2019-08-21;"Ibovespa";0,29649235229463
2019-08-22;"Ibovespa";0,281144035584225
2019-08-23;"Ibovespa";0,250759851443921
2019-08-26;"Ibovespa";0,234817195103459
2019-08-27;"Ibovespa";0,245603252213182
2019-08-28;"Ibovespa";0,257302972808234
2019-08-29;"Ibovespa";0,286788476758757
2019-08-30;"Ibovespa";0,294586097149562
2019-09-02;"Ibovespa";0,288054153697709
2019-09-03;"Ibovespa";0,27590060733185
2019-09-04;"Ibovespa";0,295209514417256
2019-09-05;"Ibovespa";0,308477245248061
2019-09-06;"Ibovespa";0,317303432139004
2019-09-09;"Ibovespa";0,320447844005853
2019-09-10;"Ibovespa";0,31853965428943
2019-09-11;"Ibovespa";0,323827153668505
2019-09-12;"Ibovespa";0,335612024049388
2019-09-13;"Ibovespa";0,324432170624172
2019-09-16;"Ibovespa";0,32672073393384
2019-09-17;"Ibovespa";0,338657014465495
2019-09-18;"Ibovespa";0,337568930348487
2019-09-19;"Ibovespa";0,335097061328592
2019-09-20;"Ibovespa";0,341199468205478
2019-09-23;"Ibovespa";0,338907092628346
2019-09-24;"Ibovespa";0,329121162222006
2019-09-25;"Ibovespa";0,336839842785431
2019-09-26;"Ibovespa";0,347519325588283
2019-09-27;"Ibovespa";0,344432282526843
2019-09-30;"Ibovespa";0,340164911209518
2019-10-01;"Ibovespa";0,331281708170499
2019-10-02;"Ibovespa";0,292044863319425
2019-10-03;"Ibovespa";0,298232493413814
2019-10-04;"Ibovespa";0,311401522725753
2019-10-07;"Ibovespa";0,285860137084563
2019-10-08;"Ibovespa";0,278268850826545
2019-10-09;"Ibovespa";0,294378440406918
2019-10-10;"Ibovespa";0,301619523321347
2019-10-11;"Ibovespa";0,327127522657247
2019-10-14;"Ibovespa";0,333121267032308
2019-10-15;"Ibovespa";0,33552199949269
2019-10-16;"Ibovespa";0,347394062975695
2019-10-17;"Ibovespa";0,342182195713512
2019-10-18;"Ibovespa";0,338509101903598
2019-10-21;"Ibovespa";0,354933355967191
2019-10-22;"Ibovespa";0,372190651535046
2019-10-23;"Ibovespa";0,374272001951081
2019-10-24;"Ibovespa";0,367122927169688
2019-10-25;"Ibovespa";0,371944695326091
2019-10-28;"Ibovespa";0,3824212504898
2019-10-29;"Ibovespa";0,374334681781624
2019-10-30;"Ibovespa";0,385178518936604
2019-10-31;"Ibovespa";0,369915114080508
2019-11-01;"Ibovespa";0,382328735169873
2019-11-04;"Ibovespa";0,387493417236475
2019-11-05;"Ibovespa";0,385575682815984
2019-11-06;"Ibovespa";0,384105657228932
2019-11-07;"Ibovespa";0,399921130940777
2019-11-08;"Ibovespa";0,374759125373658
2019-11-11;"Ibovespa";0,382223876089989
2019-11-12;"Ibovespa";0,363836812925234
2019-11-13;"Ibovespa";0,352666957833547
2019-11-14;"Ibovespa";0,360854122285527
2019-11-18;"Ibovespa";0,358169537135796
2019-11-19;"Ibovespa";0,348827339165427
2019-11-21;"Ibovespa";0,372612734341166
2019-11-22;"Ibovespa";0,387787316984048
2019-11-25;"Ibovespa";0,384361248063768
2019-11-26;"Ibovespa";0,366822246103186
2019-11-27;"Ibovespa";0,375083015568676
2019-11-28;"Ibovespa";0,382493271699154
2019-11-29;"Ibovespa";0,381765384885215
2019-12-02;"Ibovespa";0,392295885277932
2019-12-03;"Ibovespa";0,390954787296975
2019-12-04;"Ibovespa";0,408020218787196
2019-12-05;"Ibovespa";0,412111914158883
2019-12-06;"Ibovespa";0,418530963081615
2019-12-09;"Ibovespa";0,416627691669639
2019-12-10;"Ibovespa";0,412728989499357
2019-12-11;"Ibovespa";0,416451463317765
2019-12-12;"Ibovespa";0,432141735139511
2019-12-13;"Ibovespa";0,436793101614071
2019-12-16;"Ibovespa";0,428228429522064
2019-12-17;"Ibovespa";0,437388991047212
2019-12-18;"Ibovespa";0,458912445549297
2019-12-19;"Ibovespa";0,469289419430817
2019-12-20;"Ibovespa";0,469161794965417
2019-12-23;"Ibovespa";0,478600732741068
2019-12-26;"Ibovespa";0,495603185384857
2019-12-27;"Ibovespa";0,487041757256027
2019-12-30;"Ibovespa";0,479750378406842
2020-01-02;"Ibovespa";0,51267335426498
2020-01-03;"Ibovespa";0,501584976149253
2020-01-06;"Ibovespa";0,490972028797977
2020-01-07;"Ibovespa";0,488214042585331
2020-01-08;"Ibovespa";0,48291060234661
2020-01-09;"Ibovespa";0,47907869085665
2020-01-10;"Ibovespa";0,473403929618244
2020-01-13;"Ibovespa";0,496464702043475
2020-01-14;"Ibovespa";0,500375331860629
2020-01-15;"Ibovespa";0,484758968821123
2020-01-16;"Ibovespa";0,488453066428969
2020-01-17;"Ibovespa";0,510908575964691
2020-01-20;"Ibovespa";0,515797675142458
2020-01-21;"Ibovespa";0,492201216379737
2020-01-22;"Ibovespa";0,509505637783009
2020-01-23;"Ibovespa";0,523933413422255
2020-01-24;"Ibovespa";0,509174645063053
2020-01-27;"Ibovespa";0,458695177215743
2020-01-28;"Ibovespa";0,483920967423317
2020-01-29;"Ibovespa";0,469917744970423
2020-01-30;"Ibovespa";0,47173832903803
2020-01-31;"Ibovespa";0,449054178373094
2020-02-03;"Ibovespa";0,460068540496098
2020-02-04;"Ibovespa";0,471841202138099
2020-02-05;"Ibovespa";0,477828102516287
2020-02-06;"Ibovespa";0,467115914258019
2020-02-07;"Ibovespa";0,448917702257751
2020-02-10;"Ibovespa";0,433553935059484
2020-02-11;"Ibovespa";0,468787497254436
2020-02-12;"Ibovespa";0,485283006527238
2020-02-13;"Ibovespa";0,472343850230456
2020-02-14;"Ibovespa";0,455946116178622
2020-02-17;"Ibovespa";0,467710889111868
2020-02-18;"Ibovespa";0,463478931000802
2020-02-19;"Ibovespa";0,482963190658499
2020-02-20;"Ibovespa";0,458167846296977
2020-02-21;"Ibovespa";0,446605519589881
2020-02-26;"Ibovespa";0,341551422889175
2020-02-27;"Ibovespa";0,306400715920911
2020-02-28;"Ibovespa";0,321384796178958
2020-03-02;"Ibovespa";0,352139533923667
2020-03-03;"Ibovespa";0,338271445302567
2020-03-04;"Ibovespa";0,359494425486061
2020-03-05;"Ibovespa";0,294693332137014
2020-03-06;"Ibovespa";0,239904945115147
2020-03-09;"Ibovespa";0,0789518882317828
2020-03-10;"Ibovespa";0,153384355459568
2020-03-11;"Ibovespa";0,0617468582331167
2020-03-12;"Ibovespa";-0,108058598884811
2020-03-13;"Ibovespa";0,00809251694022795
2020-03-16;"Ibovespa";-0,14303090011045
2020-03-17;"Ibovespa";-0,102474765388774
2020-03-18;"Ibovespa";-0,200524135403156
2020-03-19;"Ibovespa";-0,183532113624558
2020-03-20;"Ibovespa";-0,198764332734201
2020-03-23;"Ibovespa";-0,241694763536524
2020-03-24;"Ibovespa";-0,171570760427429
2020-03-25;"Ibovespa";-0,111687773876243
2020-03-26;"Ibovespa";-0,0796350929597808
2020-03-27;"Ibovespa";-0,131787566977311
2020-03-30;"Ibovespa";-0,117585692174357
2020-03-31;"Ibovespa";-0,136948668440508
2020-04-01;"Ibovespa";-0,161561508053193
2020-04-02;"Ibovespa";-0,146504101547777
2020-04-03;"Ibovespa";-0,179193406595778
2020-04-06;"Ibovespa";-0,127336711149761
2020-04-07;"Ibovespa";-0,100823705249432
2020-04-08;"Ibovespa";-0,0745165869117885
2020-04-09;"Ibovespa";-0,0856836037064046
2020-04-13;"Ibovespa";-0,0722009340978088
2020-04-14;"Ibovespa";-0,0595537676160519
2020-04-15;"Ibovespa";-0,0724329798500377
2020-04-16;"Ibovespa";-0,0845012385883276
2020-04-17;"Ibovespa";-0,0707453192629495
2020-04-20;"Ibovespa";-0,0709453322993377
2020-04-22;"Ibovespa";-0,0509971815072662
2020-04-23;"Ibovespa";-0,0629989485760321
2020-04-24;"Ibovespa";-0,115507570490881
2020-04-27;"Ibovespa";-0,0820060860982519
2020-04-28;"Ibovespa";-0,0466400376281036
2020-04-29;"Ibovespa";-0,0250892191430643
2020-04-30;"Ibovespa";-0,0568391517688979
2020-05-04;"Ibovespa";-0,076131239758815
2020-05-05;"Ibovespa";-0,0691882032692405
2020-05-06;"Ibovespa";-0,0739674789315298
2020-05-07;"Ibovespa";-0,0851024143411696
2020-05-08;"Ibovespa";-0,0603311618935222
2020-05-11;"Ibovespa";-0,0744623187976942
2020-05-12;"Ibovespa";-0,0885340510626971
2020-05-13;"Ibovespa";-0,0897052700937591
2020-05-14;"Ibovespa";-0,0753175029241047
2020-05-15;"Ibovespa";-0,0924924940277538
2020-05-18;"Ibovespa";-0,0509030558950437
2020-05-19;"Ibovespa";-0,0562013580986829
2020-05-20;"Ibovespa";-0,0494807514449227
2020-05-21;"Ibovespa";-0,0297231019690212
2020-05-22;"Ibovespa";-0,0397548677348032
2020-05-25;"Ibovespa";0,000185772639659687
2020-05-26;"Ibovespa";-0,00208190521149054
2020-05-27;"Ibovespa";0,0264278689774367
2020-05-28;"Ibovespa";0,0147253083480074
2020-05-29;"Ibovespa";0,0200098629411343
2020-06-01;"Ibovespa";0,0341145172567496
2020-06-02;"Ibovespa";0,0620431660472898
2020-06-03;"Ibovespa";0,0846180883352239
2020-06-04;"Ibovespa";0,0942201888159537
2020-06-05;"Ibovespa";0,103602627341012
2020-06-08;"Ibovespa";0,138134279208751
2020-06-09;"Ibovespa";0,127618909718328
2020-06-10;"Ibovespa";0,103337700397432
2020-06-12;"Ibovespa";0,0810796331888834
2020-06-15;"Ibovespa";0,076187148519004
2020-06-16;"Ibovespa";0,0895595567616341
2020-06-17;"Ibovespa";0,112794785711193
2020-06-18;"Ibovespa";0,119506223331887
2020-06-19;"Ibovespa";0,124700078756954
2020-06-22;"Ibovespa";0,110212423013481
2020-06-23;"Ibovespa";0,117628916330877
2020-06-24;"Ibovespa";0,0988635451674311
2020-06-25;"Ibovespa";0,117405431338769
2020-06-26;"Ibovespa";0,0921030940834537
2020-06-29;"Ibovespa";0,114007071814148
2020-06-30;"Ibovespa";0,106077829918702
2020-07-01;"Ibovespa";0,119344515205192
2020-07-02;"Ibovespa";0,119716780816108
2020-07-03;"Ibovespa";0,125866536107327
2020-07-06;"Ibovespa";0,150858437351801
2020-07-07;"Ibovespa";0,137096979192331
2020-07-08;"Ibovespa";0,160227592648545
2020-07-09;"Ibovespa";0,153112114341802
2020-07-10;"Ibovespa";0,163208104010531
2020-07-13;"Ibovespa";0,147579723868127
2020-07-14;"Ibovespa";0,167669235520189
2020-07-15;"Ibovespa";0,183270647820409
2020-07-16;"Ibovespa";0,168791272686361
2020-07-17;"Ibovespa";0,195622122618601
2020-07-20;"Ibovespa";0,213362367474136
2020-07-21;"Ibovespa";0,212013773564927
2020-07-22;"Ibovespa";0,211781364403415
2020-07-23;"Ibovespa";0,188352497869992
2020-07-24;"Ibovespa";0,189385974151671
2020-07-27;"Ibovespa";0,213478218765298
2020-07-28;"Ibovespa";0,209196431417829
2020-07-29;"Ibovespa";0,226448389289879
2020-07-30;"Ibovespa";0,219507111016035
2020-07-31;"Ibovespa";0,194907449360013
2020-08-03;"Ibovespa";0,193954970857463
2020-08-04;"Ibovespa";0,175066254442927
2020-08-05;"Ibovespa";0,193336138694174
2020-08-06;"Ibovespa";0,208607137390002
2020-08-07;"Ibovespa";0,192835005747095
2020-08-10;"Ibovespa";0,200562835936139
2020-08-11;"Ibovespa";0,185732089688682
2020-08-12;"Ibovespa";0,185082029983106
2020-08-13;"Ibovespa";0,165694781368442
2020-08-14;"Ibovespa";0,17599938378555
2020-08-17;"Ibovespa";0,155422322422794
2020-08-18;"Ibovespa";0,183727746052962
2020-08-19;"Ibovespa";0,169598844183856
2020-08-20;"Ibovespa";0,176697784437167
2020-08-21;"Ibovespa";0,177312251073214
2020-08-24;"Ibovespa";0,186288608042437
2020-08-25;"Ibovespa";0,18419941732706
2020-08-26;"Ibovespa";0,16678174328098
2020-08-27;"Ibovespa";0,166746957414274
2020-08-28;"Ibovespa";0,184228320587727
2020-08-31;"Ibovespa";0,151622253540407
2020-09-01;"Ibovespa";0,183612388934744
2020-09-02;"Ibovespa";0,180631302740102
2020-09-03;"Ibovespa";0,166764120831214
2020-09-04;"Ibovespa";0,172783891337668
2020-09-08;"Ibovespa";0,15889387345731
2020-09-09;"Ibovespa";0,173191580322143
2020-09-10;"Ibovespa";0,144383108164958
2020-09-11;"Ibovespa";0,138904859312922
2020-09-14;"Ibovespa";0,160830707808603
2020-09-15;"Ibovespa";0,161096936128432
2020-09-16;"Ibovespa";0,153873950907401
2020-09-17;"Ibovespa";0,158748814819105
2020-09-18;"Ibovespa";0,137627821002049
2020-09-21;"Ibovespa";0,122492704564266
2020-09-22;"Ibovespa";0,125993907078416
2020-09-23;"Ibovespa";0,107805317059451
2020-09-24;"Ibovespa";0,122484539967886
2020-09-25;"Ibovespa";0,12233411242469
2020-09-28;"Ibovespa";0,0950100332872506
2020-09-29;"Ibovespa";0,0823755646754609
2020-09-30;"Ibovespa";0,0941436958062964
2020-10-01;"Ibovespa";0,104228571419322
2020-10-02;"Ibovespa";0,087177794365267
2020-10-05;"Ibovespa";0,110888995045042
2020-10-06;"Ibovespa";0,1053955003166
2020-10-07;"Ibovespa";0,104366101007839
2020-10-08;"Ibovespa";0,131701765023082
2020-10-09;"Ibovespa";0,126639872464409
2020-10-13;"Ibovespa";0,138367067730476
2020-10-14;"Ibovespa";0,147930380931302
2020-10-15;"Ibovespa";0,144690056717314
2020-10-16;"Ibovespa";0,136048131505944
2020-10-19;"Ibovespa";0,14007399586715
2020-10-20;"Ibovespa";0,161617215224678
2020-10-21;"Ibovespa";0,161755852332063
2020-10-22;"Ibovespa";0,177432076692823
2020-10-23;"Ibovespa";0,169805729203983
2020-10-26;"Ibovespa";0,166995098940099
2020-10-27;"Ibovespa";0,150579660677718
2020-10-28;"Ibovespa";0,10056531397474
2020-10-29;"Ibovespa";0,114475150304183
2020-10-30;"Ibovespa";0,0837063025376836
2020-11-03;"Ibovespa";0,102403285800791
2020-11-04;"Ibovespa";0,127758801264252
2020-11-05;"Ibovespa";0,161414891402728
2020-11-06;"Ibovespa";0,161702979315632
2020-11-09;"Ibovespa";0,197048461176042
2020-11-10;"Ibovespa";0,213500242488152
2020-11-11;"Ibovespa";0,204029616061841
2020-11-12;"Ibovespa";0,176570257561567
2020-11-13;"Ibovespa";0,203178238508636
2020-11-16;"Ibovespa";0,225058750311973
2020-11-17;"Ibovespa";0,234221261644147
2020-11-18;"Ibovespa";0,225604686057756
2020-11-19;"Ibovespa";0,225995958918601
2020-11-23;"Ibovespa";0,235877529754948
2020-11-24;"Ibovespa";0,263274937612256
2020-11-25;"Ibovespa";0,267261466899243
2020-11-26;"Ibovespa";0,268342630314691
2020-11-27;"Ibovespa";0,272340633963353
2020-11-30;"Ibovespa";0,25277942384544
2020-12-01;"Ibovespa";0,280620997358551
2020-12-02;"Ibovespa";0,286118834228792
2020-12-03;"Ibovespa";0,298766489578234
2020-12-04;"Ibovespa";0,307512810879928
2020-12-07;"Ibovespa";0,306857061327274
2020-12-08;"Ibovespa";0,306235833113394
2020-12-09;"Ibovespa";0,296434386089536
2020-12-10;"Ibovespa";0,322282630333642
2020-12-11;"Ibovespa";0,32608330203953
2020-12-14;"Ibovespa";0,322075648127187
2020-12-15;"Ibovespa";0,335472646508529
2020-12-16;"Ibovespa";0,356022032373254
2020-12-17;"Ibovespa";0,358434229556621
2020-12-18;"Ibovespa";0,352927585525241
2020-12-21;"Ibovespa";0,333672089654085
2020-12-22;"Ibovespa";0,337483174289134
2020-12-23;"Ibovespa";0,354718417250362
2020-12-28;"Ibovespa";0,368373907871308
2020-12-29;"Ibovespa";0,373238712110971
2020-12-30;"Ibovespa";0,37129486079032
2021-01-04;"Ibovespa";0,362670336381559
2021-01-05;"Ibovespa";0,370292292183327
2021-01-06;"Ibovespa";0,377491281105375
2021-01-07;"Ibovespa";0,401474808434504
2021-01-08;"Ibovespa";0,436888988890733
2021-01-11;"Ibovespa";0,410571605067725
2021-01-12;"Ibovespa";0,424185622794502
2021-01-13;"Ibovespa";0,401517463244884
2021-01-14;"Ibovespa";0,417969089415708
2021-01-15;"Ibovespa";0,383340940336088
2021-01-18;"Ibovespa";0,391810027413558
2021-01-19;"Ibovespa";0,385262757785825
2021-01-20;"Ibovespa";0,374140533130304
2021-01-21;"Ibovespa";0,359542197426158
2021-01-22;"Ibovespa";0,344874244245675
2021-01-26;"Ibovespa";0,336723326753907
2021-01-27;"Ibovespa";0,330026636444676
2021-01-28;"Ibovespa";0,368845114988593
2021-01-29;"Ibovespa";0,330369425787754
2021-02-01;"Ibovespa";0,345852534920856
2021-02-02;"Ibovespa";0,355780855131961
2021-02-03;"Ibovespa";0,37277114093719
2021-02-04;"Ibovespa";0,36744056416903
2021-02-05;"Ibovespa";0,37503283852547
2021-02-08;"Ibovespa";0,370335322411445
2021-02-09;"Ibovespa";0,369337442746098
2021-02-10;"Ibovespa";0,357835030401682
2021-02-11;"Ibovespa";0,367033367384964
2021-02-12;"Ibovespa";0,365668347022262
2021-02-17;"Ibovespa";0,380208578338452
2021-02-18;"Ibovespa";0,365791599903456
2021-02-19;"Ibovespa";0,361290399407802
2021-02-22;"Ibovespa";0,289743481329359
2021-02-23;"Ibovespa";0,318709384874348
2021-02-24;"Ibovespa";0,32374675290645
2021-02-25;"Ibovespa";0,284111072986436
2021-02-26;"Ibovespa";0,258450064645916
2021-03-01;"Ibovespa";0,261876440764427
2021-03-02;"Ibovespa";0,275583041880766
2021-03-03;"Ibovespa";0,271505277925053
2021-03-04;"Ibovespa";0,288612363462601
2021-03-05;"Ibovespa";0,317021657042915
2021-03-08;"Ibovespa";0,263473496540905
2021-03-09;"Ibovespa";0,271659748164021
2021-03-10;"Ibovespa";0,288058823620435
2021-03-11;"Ibovespa";0,313033560038396
2021-03-12;"Ibovespa";0,303590202873595
2021-03-15;"Ibovespa";0,311456930356907
2021-03-16;"Ibovespa";0,301921936932243
2021-03-17;"Ibovespa";0,330494806616597
2021-03-18;"Ibovespa";0,31078290076659
2021-03-19;"Ibovespa";0,326519950249795
2021-03-22;"Ibovespa";0,312256342524287
2021-03-23;"Ibovespa";0,292512417070972
2021-03-24;"Ibovespa";0,278768379844015
2021-03-25;"Ibovespa";0,29786412725194
2021-03-26;"Ibovespa";0,309574634740043
2021-03-29;"Ibovespa";0,316833633490854
2021-03-30;"Ibovespa";0,333059757271933
2021-03-31;"Ibovespa";0,33059328428265
2021-04-01;"Ibovespa";0,314744435052789
2021-04-05;"Ibovespa";0,340331730184532
2021-04-06;"Ibovespa";0,34011501136905
2021-04-07;"Ibovespa";0,341539919967554
2021-04-08;"Ibovespa";0,349375262727721
2021-04-09;"Ibovespa";0,342021763185843
2021-04-12;"Ibovespa";0,354983432718867
2021-04-13;"Ibovespa";0,360503323808314
2021-04-14;"Ibovespa";0,371837510008665
2021-04-15;"Ibovespa";0,376459715821031
2021-04-16;"Ibovespa";0,381161478866181
2021-04-19;"Ibovespa";0,379107265552916
2021-04-20;"Ibovespa";0,369127126598266
2021-04-22;"Ibovespa";0,361224544489195
2021-04-23;"Ibovespa";0,374377232652041
2021-04-26;"Ibovespa";0,375118213655971
2021-04-27;"Ibovespa";0,361285719860061
2021-04-28;"Ibovespa";0,380139217835767
2021-04-29;"Ibovespa";0,368840191077807
2021-04-30;"Ibovespa";0,355412893054961
2021-05-03;"Ibovespa";0,358999200748694
2021-05-04;"Ibovespa";0,341825131093349
2021-05-05;"Ibovespa";0,362772134663843
2021-05-06;"Ibovespa";0,366835103220926
2021-05-07;"Ibovespa";0,390753732028969
2021-05-10;"Ibovespa";0,389282861322182
2021-05-11;"Ibovespa";0,401253985027082
2021-05-12;"Ibovespa";0,363673084123584
2021-05-13;"Ibovespa";0,374972050600123
2021-05-14;"Ibovespa";0,388291847571375
2021-05-17;"Ibovespa";0,400279753745919
2021-05-18;"Ibovespa";0,400758057491307
2021-05-19;"Ibovespa";0,396834362887982
2021-05-20;"Ibovespa";0,397574522225645
2021-05-21;"Ibovespa";0,396332451453554
2021-05-24;"Ibovespa";0,41263858208532
2021-05-25;"Ibovespa";0,400697820520638
2021-05-26;"Ibovespa";0,412051964394649
2021-05-27;"Ibovespa";0,416350278546044
2021-05-28;"Ibovespa";0,429883256831271
2021-05-31;"Ibovespa";0,437322980444588
2021-06-01;"Ibovespa";0,460491626393995
2021-06-02;"Ibovespa";0,475602560747337
2021-06-04;"Ibovespa";0,481567996758925
2021-06-07;"Ibovespa";0,488950241359135
2021-06-08;"Ibovespa";0,477647187123189
2021-06-09;"Ibovespa";0,479012776432722
2021-06-10;"Ibovespa";0,480935619037228
2021-06-11;"Ibovespa";0,473688340478698
2021-06-14;"Ibovespa";0,48239488080739
2021-06-15;"Ibovespa";0,481062257841224
2021-06-16;"Ibovespa";0,471559670405572
2021-06-17;"Ibovespa";0,457811379667449
2021-06-18;"Ibovespa";0,46176766692631
2021-06-21;"Ibovespa";0,471525301587095
2021-06-22;"Ibovespa";0,465845226944575
2021-06-23;"Ibovespa";0,461981063024581
2021-06-24;"Ibovespa";0,474291743843566
2021-06-25;"Ibovespa";0,448361638511417
2021-06-28;"Ibovespa";0,450329297399851
2021-06-29;"Ibovespa";0,449167922623676
2021-06-30;"Ibovespa";0,443180300260795
2021-07-01;"Ibovespa";0,430192801762196
2021-07-02;"Ibovespa";0,452282381465535
2021-07-05;"Ibovespa";0,444271877764202
2021-07-06;"Ibovespa";0,423353739929735
2021-07-07;"Ibovespa";0,445078719588916
2021-07-08;"Ibovespa";0,426863801738508
2021-07-12;"Ibovespa";0,451293791962357
2021-07-13;"Ibovespa";0,457808004669516
2021-07-14;"Ibovespa";0,460523906171137
2021-07-15;"Ibovespa";0,449804311803825
2021-07-16;"Ibovespa";0,432550253795188
2021-07-19;"Ibovespa";0,414639923661485
2021-07-20;"Ibovespa";0,426034305134351
2021-07-21;"Ibovespa";0,432026007046682
2021-07-22;"Ibovespa";0,434502892964929
2021-07-23;"Ibovespa";0,422008019661815
2021-07-26;"Ibovespa";0,432781159585163
2021-07-27;"Ibovespa";0,41686476251399
2021-07-28;"Ibovespa";0,43577178296244
2021-07-29;"Ibovespa";0,428808337993011
2021-07-30;"Ibovespa";0,384071428555096
2021-08-02;"Ibovespa";0,392172493127955
2021-08-03;"Ibovespa";0,404176931835133
2021-08-04;"Ibovespa";0,383850237679131
2021-08-05;"Ibovespa";0,381940176826176
2021-08-06;"Ibovespa";0,39524844221728
2021-08-09;"Ibovespa";0,397620879925464
2021-08-10;"Ibovespa";0,388307970477644
2021-08-11;"Ibovespa";0,386648307434228
2021-08-12;"Ibovespa";0,371168399792175
2021-08-13;"Ibovespa";0,376757493878933
2021-08-16;"Ibovespa";0,353686325785017
2021-08-17;"Ibovespa";0,339114946611348
2021-08-18;"Ibovespa";0,324715783818778
2021-08-19;"Ibovespa";0,330630917501873
2021-08-20;"Ibovespa";0,340677817554547
2021-08-23;"Ibovespa";0,334063357161752
2021-08-24;"Ibovespa";0,364811549457511
2021-08-25;"Ibovespa";0,371685762617765
2021-08-26;"Ibovespa";0,347703470120261
2021-08-27;"Ibovespa";0,369703879981321
2021-08-30;"Ibovespa";0,3590159218545
2021-08-31;"Ibovespa";0,348087716020591
2021-09-01;"Ibovespa";0,355049561941264
2021-09-02;"Ibovespa";0,323834279466548
2021-09-03;"Ibovespa";0,326735711008031
2021-09-06;"Ibovespa";0,3373133994729
2021-09-08;"Ibovespa";0,285776262942048
2021-09-09;"Ibovespa";0,307673442661843
2021-09-10;"Ibovespa";0,295430659443227
2021-09-13;"Ibovespa";0,319218419929579
2021-09-14;"Ibovespa";0,316688714249587
2021-09-15;"Ibovespa";0,303956972433666
2021-09-16;"Ibovespa";0,289496078886498
2021-09-17;"Ibovespa";0,262529569207036
2021-09-20;"Ibovespa";0,232782236913874
2021-09-21;"Ibovespa";0,24860481187518
2021-09-22;"Ibovespa";0,271408143509492
2021-09-23;"Ibovespa";0,291427901965565
2021-09-24;"Ibovespa";0,282555041017114
2021-09-27;"Ibovespa";0,285947058653779
2021-09-28;"Ibovespa";0,246176775123149
2021-09-29;"Ibovespa";0,257251170951473
2021-09-30;"Ibovespa";0,255801929056883
2021-10-01;"Ibovespa";0,277353344892302
2021-10-04;"Ibovespa";0,248669423751279
2021-10-05;"Ibovespa";0,249404430745924
2021-10-06;"Ibovespa";0,250557633299415
2021-10-07;"Ibovespa";0,250840379379731
2021-10-08;"Ibovespa";0,276012783316792
2021-10-11;"Ibovespa";0,268606645123285
2021-10-13;"Ibovespa";0,282955058812072
2021-10-14;"Ibovespa";0,279886937981
2021-10-15;"Ibovespa";0,296324419183791
2021-10-18;"Ibovespa";0,293834490427389
2021-10-19;"Ibovespa";0,250664542451875
2021-10-20;"Ibovespa";0,251940851886687
2021-10-21;"Ibovespa";0,216979271363652
2021-10-22;"Ibovespa";0,200614730159204
2021-10-25;"Ibovespa";0,227631111450969
2021-10-26;"Ibovespa";0,201438067248957
2021-10-27;"Ibovespa";0,200794388275814
2021-10-28;"Ibovespa";0,193342766691554
2021-10-29;"Ibovespa";0,168197935585242
2021-11-01;"Ibovespa";0,191109771250071
2021-11-03;"Ibovespa";0,191854327692925
2021-11-04;"Ibovespa";0,166708187407421
2021-11-05;"Ibovespa";0,182530784938032
2021-11-08;"Ibovespa";0,182045597805419
2021-11-09;"Ibovespa";0,190521093718078
2021-11-10;"Ibovespa";0,195395694586818
2021-11-11;"Ibovespa";0,215053405097397
2021-11-12;"Ibovespa";0,19901042744799
2021-11-16;"Ibovespa";0,178489911293785
2021-11-17;"Ibovespa";0,160731531461289
2021-11-18;"Ibovespa";0,155974914564317
2021-11-19;"Ibovespa";0,161722212402311
2021-11-22;"Ibovespa";0,151382234902312
2021-11-23;"Ibovespa";0,168626574285701
2021-11-24;"Ibovespa";0,178181008775231
2021-11-25;"Ibovespa";0,192712045397517
2021-11-26;"Ibovespa";0,151577792478439
2021-11-29;"Ibovespa";0,158205176405539
2021-11-30;"Ibovespa";0,148033357600117
2021-12-01;"Ibovespa";0,135119332951091
2021-12-02;"Ibovespa";0,175951108460053
2021-12-03;"Ibovespa";0,182730625457407
2021-12-06;"Ibovespa";0,202699155957779
2021-12-07;"Ibovespa";0,210540788740619
2021-12-08;"Ibovespa";0,21658076291643
2021-12-09;"Ibovespa";0,196094631147473
2021-12-10;"Ibovespa";0,212489926596671
2021-12-13;"Ibovespa";0,208263078316262
2021-12-14;"Ibovespa";0,201232729236267
2021-12-15;"Ibovespa";0,208076739389085
2021-12-16;"Ibovespa";0,217513573511812
2021-12-17;"Ibovespa";0,206085152193423
2021-12-20;"Ibovespa";0,181294350807303
2021-12-21;"Ibovespa";0,186681223987847
2021-12-22;"Ibovespa";0,183798194883667
2021-12-23;"Ibovespa";0,179820931163895
2021-12-27;"Ibovespa";0,186997820693795
2021-12-28;"Ibovespa";0,179471689380824
2021-12-29;"Ibovespa";0,170926350798543
2021-12-30;"Ibovespa";0,178940706002437
